,device,input_shape,arch,th_fwd_time,tf_fwd_time,th_bprop_time,tf_bprop_time,tf/th_fwd_time,tf/th_bprop_time
0,gpu,84x84,"[32,k=8,s=2,64,k=4,s=2,64,k=3,s=1], 512",0.002947,0.005192,0.014766,0.017711,1.7617916525279944,1.1994446701882704
1,gpu,64x48,"[32,k=8,s=2,64,k=4,s=2,64,k=3,s=1], 512",0.001197,0.002624,0.005752,0.008488,2.1921470342522977,1.4756606397774688
2,gpu,64x48,"[32,k=4,s=2,64,k=3,s=2,64,k=3,s=1], 512",0.001366,0.002744,0.006899,0.008327,2.0087847730600292,1.206986519785476
3,gpu,64x48,"[32,k=4,s=2,64,k=3,s=2,128,k=3,s=2], 512",0.001178,0.002421,0.005763,0.0076,2.0551782682512734,1.318757591532188
4,gpu,64x48,"[32,k=4,s=2,64,k=3,s=2,128,k=3,s=2], 256",0.001177,0.002527,0.005348,0.007069,2.1469838572642312,1.3218025430067313
5,gpu,64x48,"[32,k=4,s=2,64,k=3,s=2,128,k=3,s=2], 128",0.001119,0.002358,0.004957,0.006896,2.1072386058981234,1.391164010490216
