,device,input_shape,arch,th_fwd_time,tf_fwd_time,th_bprop_time,tf_bprop_time,tf/th_fwd_time,tf/th_bprop_time
0,gpu,32x32,"[32,k=8,s=1,64,k=4,s=1,64,k=3,s=1], 512",0.003403,0.007414,0.022431,0.026773,2.1786658830443724,1.193571396727743
1,gpu,32x32,"[32,k=8,s=2,64,k=4,s=2,64,k=3,s=1], 512",0.000585,0.002008,0.002526,0.004883,3.432478632478632,1.933095803642122
2,gpu,84x84,"[32,k=8,s=2,64,k=4,s=2,64,k=3,s=1], 512",0.003263,0.006414,0.017422,0.018697,1.965675758504444,1.0731833314200436
3,gpu,64x48,"[32,k=8,s=2,64,k=4,s=2,64,k=3,s=1], 512",0.001424,0.003219,0.006743,0.009267,2.260533707865169,1.374314103514756
4,gpu,64x48,"[32,k=4,s=2,64,k=3,s=2,64,k=3,s=1], 512",0.001592,0.003265,0.007988,0.009138,2.0508793969849246,1.143965948923385
5,gpu,64x48,"[32,k=4,s=2,64,k=3,s=2,128,k=3,s=2], 512",0.001373,0.003093,0.006681,0.008323,2.252731245447924,1.2457715910791798
6,gpu,64x48,"[32,k=4,s=2,64,k=3,s=2,128,k=3,s=2], 256",0.001307,0.002956,0.006019,0.007841,2.2616679418515684,1.3027080910450242
7,gpu,64x48,"[32,k=4,s=2,64,k=3,s=2,128,k=3,s=2], 128",0.001312,0.003101,0.005699,0.007743,2.363567073170732,1.3586594139322687
